Dataset number,Accuracy
1,0.8846153846153846
2,0.8461538461538461
3,0.8547008547008547
4,0.8675213675213675
5,0.8333333333333334
