Dataset number,Accuracy
1,0.8717948717948718
2,0.8888888888888888
3,0.8632478632478633
4,0.8632478632478633
5,0.8717948717948718
